Year,State,Count,Sum_Homicide offenses,Sum_Fraud offenses,Sum_Human trafficking,Sum_Counterfeiting,Sum_Embezzlement,Sum_Pornography,Political_Leaning,PolClass,PolClassBin,Population,Per Capita SAR,Per Capita Homicide,Per Capita Fraud,Per Capita Trafficking,Per Capita Counterfeit,Per Capita Embezzlement,Per Capita Pornography,
2016,Alabama,28167,167,45,4,10,1,30,0,C,C,4863525,57.910000,3.433723,0.925255,0.082245,0.205612,0.020561,0.616837,0
2016,Alaska,5218,3,1,0,1,0,0,0,C,C,741456,70.380000,0.404609,0.134870,0.000000,0.134870,0.000000,0.000000,
2016,Arizona,36819,93,23,9,7,0,11,0,C,C,6941072,53.050000,1.339851,0.331361,0.129663,0.100849,0.000000,0.158477,
2016,Arkansas,14308,33,6,2,2,0,0,0,C,C,2989918,47.850000,1.103709,0.200674,0.066891,0.066891,0.000000,0.000000,
2016,California,376849,585,107,13,22,7,22,1,L,L,39167117,96.220000,1.493600,0.273188,0.033191,0.056170,0.017872,0.056170,
2016,Colorado,60915,4,4,0,0,0,1,1,L,L,5539215,109.970000,0.072212,0.072212,0.000000,0.000000,0.000000,0.018053,
2016,Connecticut,24189,21,1,0,1,0,0,1,L,L,3578141,67.600000,0.586897,0.027947,0.000000,0.027947,0.000000,0.000000,
2016,Delaware,87779,14,3,0,2,0,0,1,L,L,948921,925.040000,1.475360,0.316149,0.000000,0.210766,0.000000,0.000000,
2016,Florida,157665,395,38,7,4,0,32,0,C,C,20613477,76.490000,1.916222,0.184345,0.033958,0.019405,0.000000,0.155238,
2016,Georgia,73859,238,8,4,3,0,11,0,C,C,10301890,71.690000,2.310256,0.077656,0.038828,0.029121,0.000000,0.106777,
2016,Hawaii,15402,9,5,0,0,0,0,1,L,L,1427559,107.890000,0.630447,0.350248,0.000000,0.000000,0.000000,0.000000,
2016,Idaho,6018,15,0,1,0,0,4,0,C,C,1682380,35.770000,0.891594,0.000000,0.059440,0.000000,0.000000,0.237758,
2016,Illinois,63603,164,22,0,25,0,8,0.5,M,,12820527,49.610000,1.279199,0.171600,0.000000,0.195000,0.000000,0.062400,
2016,Indiana,32281,124,19,1,19,0,5,0,C,C,6634304,48.660000,1.869073,0.286390,0.015073,0.286390,0.000000,0.075366,
2016,Iowa,12715,11,2,2,4,0,0,0,C,C,3131371,40.610000,0.351284,0.063870,0.063870,0.127740,0.000000,0.000000,
2016,Kansas,13554,25,1,0,1,1,1,0,C,C,2910844,46.560000,0.858857,0.034354,0.000000,0.034354,0.034354,0.034354,
2016,Kentucky,17040,32,3,0,3,0,5,0,C,C,4438182,38.390000,0.721016,0.067595,0.000000,0.067595,0.000000,0.112659,
2016,Louisiana,33385,243,10,4,8,0,8,0,C,C,4678135,71.360000,5.194378,0.213760,0.085504,0.171008,0.000000,0.171008,
2016,Maine,11861,2,0,0,0,1,4,0.5,M,,1331317,89.090000,0.150227,0.000000,0.000000,0.000000,0.075114,0.300454,
2016,Maryland,50574,159,13,1,5,1,3,1,L,L,6003323,84.240000,2.648533,0.216547,0.016657,0.083287,0.016657,0.049972,
2016,Massachusetts,51122,41,6,0,3,0,2,1,L,L,6823608,74.920000,0.600855,0.087930,0.000000,0.043965,0.000000,0.029310,
2016,Michigan,44443,72,156,1,28,21,16,0,C,C,9950571,44.660000,0.723577,1.567749,0.010050,0.281391,0.211043,0.160795,
2016,Minnesota,30733,12,1,1,1,0,2,0,C,C,5522744,55.650000,0.217283,0.018107,0.018107,0.018107,0.000000,0.036214,
2016,Mississippi,22709,95,27,3,9,7,4,0,C,C,2987938,76.000000,3.179450,0.903633,0.100404,0.301211,0.234275,0.133872,
2016,Missouri,29488,58,3,0,3,1,4,0,C,C,6087135,48.440000,0.952829,0.049284,0.000000,0.049284,0.016428,0.065712,
2016,Montana,3965,3,5,0,7,0,0,0,C,C,1040859,38.090000,0.288223,0.480372,0.000000,0.672521,0.000000,0.000000,
2016,Nebraska,10644,17,31,0,31,2,7,0,C,C,1905616,55.860000,0.892100,1.626771,0.000000,1.626771,0.104953,0.367335,
2016,Nevada,40851,8,15,0,3,0,0,0,C,C,2917563,140.020000,0.274201,0.514128,0.000000,0.102826,0.000000,0.000000,
2016,New Hampshire,9616,1,5,3,1,0,1,0,C,C,1342307,71.640000,0.074499,0.372493,0.223496,0.074499,0.000000,0.074499,
2016,New Jersey,70780,100,20,0,4,0,0,1,L,L,8870827,79.790000,1.127291,0.225458,0.000000,0.045092,0.000000,0.000000,
2016,New Mexico,11234,33,7,2,4,1,4,1,L,L,2091630,53.710000,1.577717,0.334667,0.095619,0.191238,0.047810,0.191238,
2016,New York,220427,164,21,3,17,0,1,1,L,L,19633428,112.270000,0.835310,0.106960,0.015280,0.086587,0.000000,0.005093,
2016,North Carolina,115893,134,44,4,4,3,6,0,C,C,10154788,114.130000,1.319575,0.433293,0.039390,0.039390,0.029543,0.059085,
2016,North Dakota,4418,2,3,0,2,0,8,0,C,C,754434,58.560000,0.265099,0.397649,0.000000,0.265099,0.000000,1.060398,
2016,Ohio,111084,159,29,7,17,2,13,0,C,C,11634370,95.480000,1.366640,0.249261,0.060167,0.146119,0.017190,0.111738,
2016,Oklahoma,23668,67,11,3,1,0,5,0,C,C,3926331,60.280000,1.706428,0.280160,0.076407,0.025469,0.000000,0.127345,
2016,Oregon,19317,38,1,0,0,0,1,1,L,L,4089976,47.230000,0.929101,0.024450,0.000000,0.000000,0.000000,0.024450,
2016,Pennsylvania,70257,159,20,0,11,1,3,0,C,C,12782275,54.960000,1.243910,0.156467,0.000000,0.086057,0.007823,0.023470,
2016,Rhode Island,10918,11,6,0,2,2,3,1,L,L,1056770,103.310000,1.040908,0.567768,0.000000,0.189256,0.189256,0.283884,
2016,South Carolina,36892,230,6,8,1,0,5,0,C,C,4957968,74.410000,4.638997,0.121017,0.161356,0.020170,0.000000,0.100848,
2016,South Dakota,22752,6,5,5,6,2,7,0,C,C,862996,263.640000,0.695252,0.579377,0.579377,0.695252,0.231751,0.811128,
2016,Tennessee,37730,175,45,11,15,0,4,0,C,C,6646010,56.770000,2.633159,0.677098,0.165513,0.225699,0.000000,0.060186,
2016,Texas,191396,465,94,51,50,1,66,0,C,C,27914410,68.570000,1.665806,0.336744,0.182701,0.179119,0.003582,0.236437,
2016,Utah,45571,19,10,8,8,0,7,0,C,C,3041868,149.810000,0.624616,0.328745,0.262996,0.262996,0.000000,0.230122,
2016,Vermont,4534,1,0,0,0,0,0,1,L,L,623657,72.700000,0.160345,0.000000,0.000000,0.000000,0.000000,0.000000,
2016,Virginia,104131,108,4,1,2,0,25,0,C,C,8410106,123.820000,1.284169,0.047562,0.011890,0.023781,0.000000,0.297261,
2016,Washington,35858,52,10,1,2,0,3,1,L,L,7294771,49.160000,0.712839,0.137084,0.013708,0.027417,0.000000,0.041125,
2016,West Virginia,9810,30,7,4,1,1,0,0,C,C,1831023,53.580000,1.638428,0.382300,0.218457,0.054614,0.054614,0.000000,
2016,Wisconsin,19780,33,10,4,3,0,7,0,C,C,5772628,34.270000,0.571663,0.173231,0.069293,0.051969,0.000000,0.121262,
2016,Wyoming,3044,0,0,1,7,0,1,0,C,C,584215,52.100000,0.000000,0.000000,0.171170,1.198189,0.000000,0.171170,
2017,Alabama,29822,172,13,12,4,0,32,0,C,C,4874486,61.180000,3.528577,0.266695,0.246180,0.082060,0.000000,0.656479,
2017,Alaska,5162,1,0,0,0,0,1,0,C,C,739700,69.790000,0.135190,0.000000,0.000000,0.000000,0.000000,0.135190,
2017,Arizona,38512,90,22,3,8,2,13,0,C,C,7044008,54.670000,1.277682,0.312322,0.042589,0.113572,0.028393,0.184554,
2017,Arkansas,15955,29,1,0,3,0,3,0,C,C,3001345,53.160000,0.966233,0.033318,0.000000,0.099955,0.000000,0.099955,
2017,California,395658,651,79,11,13,5,39,1,L,L,39358497,100.530000,1.654027,0.200719,0.027948,0.033030,0.012704,0.099089,
2017,Colorado,70075,6,4,1,0,0,0,1,L,L,5611885,124.870000,0.106916,0.071277,0.017819,0.000000,0.000000,0.000000,
2017,Connecticut,25174,18,1,0,0,0,3,1,L,L,3573297,70.450000,0.503736,0.027985,0.000000,0.000000,0.000000,0.083956,
2017,Delaware,68221,10,1,0,1,0,0,1,L,L,956823,712.990000,1.045125,0.104513,0.000000,0.104513,0.000000,0.000000,
2017,Florida,166427,400,25,5,0,0,16,0,C,C,20963613,79.390000,1.908068,0.119254,0.023851,0.000000,0.000000,0.076323,
2017,Georgia,81312,231,5,0,1,0,5,0,C,C,10410330,78.110000,2.218950,0.048029,0.000000,0.009606,0.000000,0.048029,
2017,Hawaii,14737,6,0,0,2,0,1,1,L,L,1424393,103.460000,0.421232,0.000000,0.000000,0.140411,0.000000,0.070205,
2017,Idaho,6140,6,0,0,0,0,9,0,C,C,1717715,35.750000,0.349301,0.000000,0.000000,0.000000,0.000000,0.523952,
2017,Illinois,64162,226,35,2,35,0,4,1,L,L,12778828,50.210000,1.768550,0.273891,0.015651,0.273891,0.000000,0.031302,
2017,Indiana,33186,118,14,1,4,1,3,0,C,C,6658078,49.840000,1.772283,0.210271,0.015019,0.060077,0.015019,0.045058,
2017,Iowa,12927,10,1,0,1,0,1,0,C,C,3141550,41.150000,0.318314,0.031831,0.000000,0.031831,0.000000,0.031831,
2017,Kansas,14301,35,5,0,2,0,8,0,C,C,2908718,49.170000,1.203279,0.171897,0.000000,0.068759,0.000000,0.275035,
2017,Kentucky,18054,34,2,2,1,0,3,0,C,C,4452268,40.550000,0.763656,0.044921,0.044921,0.022460,0.000000,0.067381,
2017,Louisiana,35157,280,12,4,9,0,6,0,C,C,4670560,75.270000,5.994998,0.256929,0.085643,0.192696,0.000000,0.128464,
2017,Maine,8905,1,0,0,0,0,5,0.5,M,,1334612,66.720000,0.074928,0.000000,0.000000,0.000000,0.000000,0.374641,
2017,Maryland,47685,167,4,2,1,0,2,1,L,L,6023868,79.160000,2.772305,0.066403,0.033201,0.016601,0.000000,0.033201,
2017,Massachusetts,49614,33,2,0,2,0,5,1,L,L,6859789,72.330000,0.481064,0.029155,0.000000,0.029155,0.000000,0.072889,
2017,Michigan,46059,97,64,4,11,8,14,0,C,C,9973114,46.180000,0.972615,0.641725,0.040108,0.110297,0.080216,0.140377,
2017,Minnesota,36456,16,3,0,0,0,0,0,C,C,5566230,65.490000,0.287448,0.053896,0.000000,0.000000,0.000000,0.000000,
2017,Mississippi,22560,117,18,3,22,12,4,0,C,C,2988510,75.490000,3.914994,0.602307,0.100384,0.736153,0.401538,0.133846,
2017,Missouri,29723,24,2,1,3,0,4,0,C,C,6106670,48.670000,0.393013,0.032751,0.016376,0.049127,0.000000,0.065502,
2017,Montana,4259,5,1,0,6,1,3,0,C,C,1052482,40.470000,0.475068,0.095014,0.000000,0.570081,0.095014,0.285041,
2017,Nebraska,11372,17,19,1,15,1,4,0,C,C,1915947,59.350000,0.887290,0.991677,0.052194,0.782903,0.052194,0.208774,
2017,Nevada,42428,2,16,2,1,4,1,1,L,L,2969905,142.860000,0.067342,0.538738,0.067342,0.033671,0.134684,0.033671,
2017,New Hampshire,7176,0,3,0,4,0,0,0,C,C,1348787,53.200000,0.000000,0.222422,0.000000,0.296563,0.000000,0.000000,
2017,New Jersey,78200,120,33,3,2,0,2,1,L,L,8885525,88.010000,1.350511,0.371391,0.033763,0.022509,0.000000,0.022509,
2017,New Mexico,11849,22,7,0,0,0,4,1,L,L,2091784,56.650000,1.051734,0.334643,0.000000,0.000000,0.000000,0.191224,
2017,New York,229985,146,32,1,23,1,17,1,L,L,19589572,117.400000,0.745294,0.163352,0.005105,0.117409,0.005105,0.086781,
2017,North Carolina,94151,156,32,2,2,2,6,0,C,C,10268233,91.690000,1.519249,0.311641,0.019478,0.019478,0.019478,0.058433,
2017,North Dakota,4523,3,3,0,0,0,0,0,C,C,754942,59.910000,0.397382,0.397382,0.000000,0.000000,0.000000,0.000000,
2017,Ohio,109007,193,29,5,32,1,17,0,C,C,11659650,93.490000,1.655281,0.248721,0.042883,0.274451,0.008577,0.145802,
2017,Oklahoma,25454,70,8,3,2,2,5,0,C,C,3931316,64.750000,1.780574,0.203494,0.076310,0.050874,0.050874,0.127184,
2017,Oregon,22085,29,3,3,0,0,5,1,L,L,4143625,53.300000,0.699870,0.072400,0.072400,0.000000,0.000000,0.120667,
2017,Pennsylvania,77503,137,13,2,12,0,1,0,C,C,12787641,60.610000,1.071347,0.101661,0.015640,0.093841,0.000000,0.007820,
2017,Rhode Island,12147,4,4,1,0,1,1,1,L,L,1055673,115.060000,0.378905,0.378905,0.094726,0.000000,0.094726,0.094726,
2017,South Carolina,31120,273,4,6,0,0,3,0,C,C,5021268,61.980000,5.436874,0.079661,0.119492,0.000000,0.000000,0.059746,
2017,South Dakota,25532,4,1,1,2,0,5,0,C,C,872868,292.510000,0.458259,0.114565,0.114565,0.229130,0.000000,0.572824,
2017,Tennessee,39865,158,15,4,4,1,2,0,C,C,6708799,59.420000,2.355116,0.223587,0.059623,0.059623,0.014906,0.029812,
2017,Texas,201392,491,73,13,18,2,65,0,C,C,28295273,71.180000,1.735272,0.257994,0.045944,0.063615,0.007068,0.229720,
2017,Utah,43839,26,10,21,4,0,4,0,C,C,3101042,141.370000,0.838428,0.322472,0.677192,0.128989,0.000000,0.128989,
2017,Vermont,3083,1,3,0,0,0,0,1,L,L,624344,49.380000,0.160168,0.480504,0.000000,0.000000,0.000000,0.000000,
2017,Virginia,98220,119,10,3,4,1,37,0,C,C,8463587,116.050000,1.406023,0.118153,0.035446,0.047261,0.011815,0.437167,
2017,Washington,38784,57,1,0,3,0,2,1,L,L,7423362,52.250000,0.767846,0.013471,0.000000,0.040413,0.000000,0.026942,
2017,West Virginia,8512,32,2,0,0,0,0,0,C,C,1817004,46.850000,1.761141,0.110071,0.000000,0.000000,0.000000,0.000000,
2017,Wisconsin,20844,36,10,2,3,0,4,0,C,C,5790186,36.000000,0.621742,0.172706,0.034541,0.051812,0.000000,0.069082,
2017,Wyoming,2967,3,2,0,1,0,2,0,C,C,578931,51.250000,0.518196,0.345464,0.000000,0.172732,0.000000,0.345464,
2018,Alabama,33120,204,13,11,2,0,34,0,C,C,4887681,67.760000,4.173758,0.265975,0.225056,0.040919,0.000000,0.695626,
2018,Alaska,5505,5,0,3,0,0,4,0,C,C,735139,74.880000,0.680143,0.000000,0.408086,0.000000,0.000000,0.544115,
2018,Arizona,45856,85,13,2,5,0,15,0,C,C,7158024,64.060000,1.187479,0.181614,0.027941,0.069852,0.000000,0.209555,
2018,Arkansas,19663,46,1,1,7,0,0,0,C,C,3009733,65.330000,1.528375,0.033226,0.033226,0.232579,0.000000,0.000000,
2018,California,411745,466,93,10,23,4,29,1,L,L,39461588,104.340000,1.180895,0.235672,0.025341,0.058285,0.010136,0.073489,
2018,Colorado,75718,21,1,0,1,0,0,1,L,L,5691287,133.040000,0.368985,0.017571,0.000000,0.017571,0.000000,0.000000,
2018,Connecticut,28884,17,1,0,0,0,0,1,L,L,3571520,80.870000,0.475988,0.027999,0.000000,0.000000,0.000000,0.000000,
2018,Delaware,57475,13,1,0,3,0,0,1,L,L,965479,595.300000,1.346482,0.103576,0.000000,0.310727,0.000000,0.000000,
2018,Florida,178428,376,30,4,6,0,24,0,C,C,21244317,83.990000,1.769885,0.141214,0.018829,0.028243,0.000000,0.112971,
2018,Georgia,85286,203,9,2,2,0,13,0,C,C,10511131,81.140000,1.931286,0.085624,0.019027,0.019027,0.000000,0.123678,
2018,Hawaii,14853,11,3,0,3,0,0,1,L,L,1420593,104.550000,0.774325,0.211179,0.000000,0.211179,0.000000,0.000000,
2018,Idaho,6726,2,0,0,0,0,3,0,C,C,1750536,38.420000,0.114251,0.000000,0.000000,0.000000,0.000000,0.171376,
2018,Illinois,66839,228,30,3,22,0,12,1,L,L,12723071,52.530000,1.792020,0.235792,0.023579,0.172914,0.000000,0.094317,
2018,Indiana,35980,122,8,3,5,0,5,0,C,C,6695497,53.740000,1.822120,0.119483,0.044806,0.074677,0.000000,0.074677,
2018,Iowa,13803,8,0,0,1,0,1,0,C,C,3148618,43.840000,0.254080,0.000000,0.000000,0.031760,0.000000,0.031760,
2018,Kansas,14127,27,4,1,0,0,3,0,C,C,2911359,48.520000,0.927402,0.137393,0.034348,0.000000,0.000000,0.103045,
2018,Kentucky,19786,28,4,0,5,1,4,0,C,C,4461153,44.350000,0.627640,0.089663,0.000000,0.112079,0.022416,0.089663,
2018,Louisiana,36763,257,16,1,8,0,5,0,C,C,4659690,78.900000,5.515388,0.343370,0.021461,0.171685,0.000000,0.107303,
2018,Maine,7942,2,0,0,0,0,2,0.5,M,,1339057,59.310000,0.149359,0.000000,0.000000,0.000000,0.000000,0.149359,
2018,Maryland,48701,131,5,3,2,2,8,1,L,L,6035802,80.690000,2.170383,0.082839,0.049703,0.033136,0.033136,0.132542,
2018,Massachusetts,52596,36,8,1,1,0,4,1,L,L,6882635,76.420000,0.523055,0.116235,0.014529,0.014529,0.000000,0.058117,
2018,Michigan,51469,96,67,0,17,10,5,0,C,C,9984072,51.550000,0.961532,0.671069,0.000000,0.170271,0.100160,0.050080,
2018,Minnesota,36848,15,2,1,0,0,2,0,C,C,5606249,65.730000,0.267559,0.035674,0.017837,0.000000,0.000000,0.035674,
2018,Mississippi,25411,89,45,9,8,5,2,0,C,C,2981020,85.240000,2.985555,1.509550,0.301910,0.268365,0.167728,0.067091,
2018,Missouri,30941,57,2,0,7,0,4,0,C,C,6121623,50.540000,0.931126,0.032671,0.000000,0.114349,0.000000,0.065342,
2018,Montana,4145,6,4,0,11,2,0,0,C,C,1060665,39.080000,0.565683,0.377122,0.000000,1.037085,0.188561,0.000000,
2018,Nebraska,12805,22,13,4,11,1,9,0,C,C,1925614,66.500000,1.142493,0.675109,0.207726,0.571246,0.051931,0.467383,
2018,Nevada,45713,20,28,1,7,1,0,1,L,L,3027341,151.000000,0.660646,0.924904,0.033032,0.231226,0.033032,0.000000,
2018,New Hampshire,6099,1,3,0,2,0,0,0,C,C,1353465,45.060000,0.073884,0.221653,0.000000,0.147769,0.000000,0.000000,
2018,New Jersey,84076,93,22,1,2,0,1,1,L,L,8886025,94.620000,1.046587,0.247580,0.011254,0.022507,0.000000,0.011254,
2018,New Mexico,12772,23,5,2,1,3,0,1,L,L,2092741,61.030000,1.099037,0.238921,0.095568,0.047784,0.143353,0.000000,
2018,New York,231078,170,28,0,34,0,11,1,L,L,19530351,118.320000,0.870440,0.143367,0.000000,0.174088,0.000000,0.056323,
2018,North Carolina,120401,156,3,6,0,0,18,0,C,C,10381615,115.980000,1.502656,0.028897,0.057794,0.000000,0.000000,0.173383,
2018,North Dakota,5119,5,3,2,1,0,7,0,C,C,758080,67.530000,0.659561,0.395737,0.263824,0.131912,0.000000,0.923385,
2018,Ohio,126174,214,34,2,29,2,13,0,C,C,11676341,108.060000,1.832766,0.291187,0.017129,0.248365,0.017129,0.111336,
2018,Oklahoma,23862,70,7,1,2,0,5,0,C,C,3940235,60.560000,1.776544,0.177654,0.025379,0.050758,0.000000,0.126896,
2018,Oregon,24627,25,3,5,0,0,3,1,L,L,4181886,58.890000,0.597816,0.071738,0.119563,0.000000,0.000000,0.071738,
2018,Pennsylvania,81622,145,16,4,17,1,3,0,C,C,12800922,63.760000,1.132731,0.124991,0.031248,0.132803,0.007812,0.023436,
2018,Rhode Island,13208,3,11,0,5,0,0,1,L,L,1058287,124.810000,0.283477,1.039416,0.000000,0.472462,0.000000,0.000000,
2018,South Carolina,30849,342,8,14,1,0,48,0,C,C,5084156,60.680000,6.726780,0.157352,0.275365,0.019669,0.000000,0.944110,
2018,South Dakota,26635,3,0,1,0,0,9,0,C,C,878698,303.120000,0.341414,0.000000,0.113805,0.000000,0.000000,1.024243,
2018,Tennessee,41220,199,12,8,6,0,6,0,C,C,6771631,60.870000,2.938731,0.177210,0.118140,0.088605,0.000000,0.088605,
2018,Texas,191510,487,53,38,31,0,69,0,C,C,28628666,66.890000,1.701092,0.185129,0.132734,0.108283,0.000000,0.241017,
2018,Utah,64793,9,11,11,4,0,4,0,C,C,3153550,205.460000,0.285393,0.348813,0.348813,0.126841,0.000000,0.126841,
2018,Vermont,2903,0,0,0,0,0,0,1,L,L,624358,46.500000,0.000000,0.000000,0.000000,0.000000,0.000000,0.000000,
2018,Virginia,137177,98,14,10,1,2,191,0,C,C,8501286,161.360000,1.152767,0.164681,0.117629,0.011763,0.023526,2.246719,
2018,Washington,39745,50,3,2,2,0,8,1,L,L,7523869,52.830000,0.664552,0.039873,0.026582,0.026582,0.000000,0.106328,
2018,West Virginia,9138,17,4,0,1,3,2,0,C,C,1804291,50.650000,0.942198,0.221694,0.000000,0.055423,0.166270,0.110847,
2018,Wisconsin,23003,24,1,0,1,0,4,0,C,C,5807406,39.610000,0.413265,0.017219,0.000000,0.017219,0.000000,0.068878,
2018,Wyoming,3172,0,0,0,1,0,0,0,C,C,577601,54.920000,0.000000,0.000000,0.000000,0.173130,0.000000,0.000000,
2019,Alabama,28758,178,6,2,1,0,12,0,C,C,4903185,58.650000,3.630293,0.122369,0.040790,0.020395,0.000000,0.244739,
2019,Alaska,4457,1,3,1,2,0,0,0,C,C,731545,60.930000,0.136697,0.410091,0.136697,0.273394,0.000000,0.000000,
2019,Arizona,38449,70,13,30,4,0,7,0,C,C,7278717,52.820000,0.961708,0.178603,0.412161,0.054955,0.000000,0.096171,
2019,Arkansas,14306,53,0,1,10,0,1,0,C,C,3017804,47.410000,1.756244,0.000000,0.033137,0.331367,0.000000,0.033137,
2019,California,407271,454,82,6,16,4,25,1,L,L,39512223,103.070000,1.149012,0.207531,0.015185,0.040494,0.010123,0.063272,
2019,Colorado,113550,46,6,0,3,0,2,1,L,L,5758736,197.180000,0.798786,0.104190,0.000000,0.052095,0.000000,0.034730,
2019,Connecticut,26712,20,2,0,1,0,1,1,L,L,3565287,74.920000,0.560965,0.056096,0.000000,0.028048,0.000000,0.028048,
2019,Delaware,41173,14,4,0,5,0,1,1,L,L,973764,422.820000,1.437720,0.410777,0.000000,0.513471,0.000000,0.102694,
2019,Florida,175380,348,47,3,4,1,31,0,C,C,21477737,81.660000,1.620282,0.218831,0.013968,0.018624,0.004656,0.144336,
2019,Georgia,78453,226,6,18,4,0,9,0,C,C,10617423,73.890000,2.128577,0.056511,0.169533,0.037674,0.000000,0.084766,
2019,Hawaii,14808,2,0,0,1,0,0,1,L,L,1415872,104.590000,0.141256,0.000000,0.000000,0.070628,0.000000,0.000000,
2019,Idaho,4841,1,1,2,0,0,2,0,C,C,1787065,27.090000,0.055958,0.055958,0.111915,0.000000,0.000000,0.111915,
2019,Illinois,60248,213,24,4,21,0,17,0.5,M,,12671821,47.540000,1.680895,0.189397,0.031566,0.165722,0.000000,0.134156,
2019,Indiana,28556,75,10,1,2,2,3,0,C,C,6732219,42.420000,1.114046,0.148539,0.014854,0.029708,0.029708,0.044562,
2019,Iowa,10638,9,2,1,1,0,0,0,C,C,3155070,33.720000,0.285255,0.063390,0.031695,0.031695,0.000000,0.000000,
2019,Kansas,10707,27,1,3,1,0,8,0,C,C,2913314,36.750000,0.926780,0.034325,0.102976,0.034325,0.000000,0.274601,
2019,Kentucky,15365,27,2,2,0,0,1,0,C,C,4467673,34.390000,0.604341,0.044766,0.044766,0.000000,0.000000,0.022383,
2019,Louisiana,28665,302,9,3,3,1,23,0,C,C,4648794,61.660000,6.496309,0.193599,0.064533,0.064533,0.021511,0.494752,
2019,Maine,6226,0,0,0,0,0,1,0.5,M,,1344212,46.320000,0.000000,0.000000,0.000000,0.000000,0.000000,0.074393,
2019,Maryland,44518,111,6,1,1,1,5,1,L,L,6045680,73.640000,1.836022,0.099244,0.016541,0.016541,0.016541,0.082704,
2019,Massachusetts,55883,58,2,0,4,0,7,1,L,L,6892503,81.080000,0.841494,0.029017,0.000000,0.058034,0.000000,0.101560,
2019,Michigan,49386,100,81,2,11,10,12,0,C,C,9986857,49.450000,1.001316,0.811066,0.020026,0.110145,0.100132,0.120158,
2019,Minnesota,30106,19,4,0,0,0,4,0.5,M,,5639632,53.380000,0.336901,0.070927,0.000000,0.000000,0.000000,0.070927,
2019,Mississippi,19281,144,15,2,7,4,5,0,C,C,2976149,64.790000,4.838467,0.504007,0.067201,0.235203,0.134402,0.168002,
2019,Missouri,25274,51,8,0,2,0,2,0,C,C,6137428,41.180000,0.830967,0.130348,0.000000,0.032587,0.000000,0.032587,
2019,Montana,3883,18,4,0,3,1,1,0,C,C,1068778,36.330000,1.684166,0.374259,0.000000,0.280694,0.093565,0.093565,
2019,Nebraska,11215,21,13,2,4,0,5,0,C,C,1934408,57.980000,1.085603,0.672040,0.103391,0.206782,0.000000,0.258477,
2019,Nevada,38712,17,16,0,4,6,0,1,L,L,3080156,125.680000,0.551920,0.519454,0.000000,0.129864,0.194795,0.000000,
2019,New Hampshire,5473,3,0,0,0,0,0,1,L,L,1359711,40.250000,0.220635,0.000000,0.000000,0.000000,0.000000,0.000000,
2019,New Jersey,85114,67,18,0,2,0,7,1,L,L,8882190,95.830000,0.754318,0.202653,0.000000,0.022517,0.000000,0.078809,
2019,New Mexico,10680,41,18,3,6,2,5,1,L,L,2096829,50.930000,1.955334,0.858439,0.143073,0.286146,0.095382,0.238455,
2019,New York,239426,180,3,1,6,0,3,1,L,L,19453561,123.080000,0.925280,0.015421,0.005140,0.030843,0.000000,0.015421,
2019,North Carolina,125324,139,13,4,1,0,13,0,C,C,10488084,119.490000,1.325314,0.123950,0.038139,0.009535,0.000000,0.123950,
2019,North Dakota,4071,5,3,4,0,0,4,0,C,C,762062,53.420000,0.656115,0.393669,0.524892,0.000000,0.000000,0.524892,
2019,Ohio,143682,169,37,10,28,0,20,0,C,C,11689100,122.920000,1.445791,0.316534,0.085550,0.239539,0.000000,0.171100,
2019,Oklahoma,19918,65,8,0,4,1,6,0,C,C,3956971,50.340000,1.642671,0.202175,0.000000,0.101087,0.025272,0.151631,
2019,Oregon,19671,22,0,5,0,1,0,1,L,L,4217737,46.640000,0.521607,0.000000,0.118547,0.000000,0.023709,0.000000,
2019,Pennsylvania,79538,170,35,2,13,0,5,0.5,M,,12801989,62.130000,1.327919,0.273395,0.015623,0.101547,0.000000,0.039056,
2019,Rhode Island,15165,7,10,1,3,1,0,1,L,L,1059361,143.150000,0.660776,0.943965,0.094397,0.283190,0.094397,0.000000,
2019,South Carolina,23241,402,26,33,7,1,65,0,C,C,5148714,45.140000,7.807775,0.504980,0.640937,0.135956,0.019422,1.262451,
2019,South Dakota,26726,4,1,2,0,0,5,0,C,C,884659,302.110000,0.452152,0.113038,0.226076,0.000000,0.000000,0.565190,
2019,Tennessee,34047,237,12,22,13,0,41,0,C,C,6829174,49.860000,3.470405,0.175717,0.322147,0.190360,0.000000,0.600365,
2019,Texas,180498,455,100,32,38,0,105,0,C,C,28995881,62.250000,1.569188,0.344877,0.110361,0.131053,0.000000,0.362120,
2019,Utah,60208,10,9,7,3,0,2,0,C,C,3205958,187.800000,0.311919,0.280727,0.218343,0.093576,0.000000,0.062384,
2019,Vermont,2244,2,0,1,0,0,0,1,L,L,623989,35.960000,0.320518,0.000000,0.160259,0.000000,0.000000,0.000000,
2019,Virginia,146615,132,19,4,8,2,17,0.5,M,,8535519,171.770000,1.546479,0.222599,0.046863,0.093726,0.023431,0.199168,
2019,Washington,37336,78,5,1,6,0,7,1,L,L,7614893,49.030000,1.024309,0.065661,0.013132,0.078793,0.000000,0.091925,
2019,West Virginia,6661,15,8,0,2,2,3,0,C,C,1792147,37.170000,0.836985,0.446392,0.000000,0.111598,0.111598,0.167397,
2019,Wisconsin,18961,43,1,1,2,0,6,0,C,C,5822434,32.570000,0.738523,0.017175,0.017175,0.034350,0.000000,0.103050,
2019,Wyoming,2179,0,0,0,0,0,0,0,C,C,578759,37.650000,0.000000,0.000000,0.000000,0.000000,0.000000,0.000000,
